player_id,age,height_cm,weight_kg,position,goals_last_season,assists_last_season,matches_played,injury_days_last_year,sprint_speed_mps,stamina_score,success_score,risk_score
p1,24,188,85,Midfielder,3,4,36,18,9.2,96,38,8
p2,32,186,67,Forward,10,5,14,6,7.2,78,34,12
p3,28,186,75,Winger,3,4,35,46,8.9,96,34,17
p4,25,169,61,Forward,2,7,18,7,8.6,73,33,10
p5,24,188,65,Defender,6,1,28,13,7.1,90,33,12
p6,28,165,87,Defender,4,3,30,0,7.5,87,34,8
p7,28,190,80,Forward,4,6,24,12,7.9,95,36,9
p8,21,168,88,Forward,8,5,22,2,8.9,97,41,3
p9,25,179,85,Winger,5,3,21,27,8.7,78,33,15
p10,20,184,84,Winger,4,3,14,37,8.4,60,27,22
p11,19,183,71,Forward,7,5,11,14,9.2,82,37,9
p12,29,167,64,Forward,4,3,36,35,9.2,87,34,15
p13,23,184,61,Forward,2,1,13,2,8.7,63,31,11
p14,19,175,75,Forward,2,5,36,3,9.3,77,36,7
p15,18,181,64,Midfielder,3,7,36,4,7.7,98,37,6
p16,29,194,74,Forward,3,3,27,49,9.6,84,33,19
p17,29,191,71,Winger,8,1,30,25,8.7,77,33,15
p18,34,177,63,Defender,6,4,19,24,9.4,65,32,15
p19,27,175,74,Midfielder,0,4,22,9,8.4,78,33,10
p20,33,166,70,Forward,8,8,21,7,7.3,71,32,13
p21,32,173,75,Defender,5,3,11,11,8.4,84,35,10
p22,32,190,82,Midfielder,4,4,35,2,7.8,94,36,6
p23,29,166,65,Defender,5,4,24,26,8.9,60,30,18
p24,20,185,73,Forward,7,8,23,49,8.2,64,28,26
p25,22,173,77,Forward,6,3,34,22,9.4,60,31,16
p26,24,173,71,Winger,3,2,19,39,8.9,67,29,20
p27,26,172,86,Forward,4,3,31,32,8.9,98,36,12
p28,24,181,70,Forward,2,5,17,13,7.3,77,31,14
p29,21,165,72,Midfielder,4,5,34,22,9.9,68,34,13
p30,31,189,80,Winger,1,6,24,30,9.4,64,30,17
p31,26,193,82,Midfielder,9,5,22,12,9.3,63,34,12
p32,19,175,70,Defender,3,5,17,11,7.7,88,34,10
p33,32,172,82,Forward,1,6,30,34,8.4,60,27,21
p34,24,174,75,Defender,5,0,30,17,7.0,89,32,13
p35,29,189,74,Midfielder,4,3,31,20,8.4,60,29,17
p36,25,171,80,Forward,6,1,23,44,7.0,62,24,27
p37,32,167,87,Forward,5,6,10,46,8.4,81,31,21
p38,20,167,74,Midfielder,8,1,22,41,8.8,67,30,21
p39,31,182,84,Midfielder,5,7,36,0,7.9,77,34,9
p40,34,169,63,Midfielder,7,3,17,37,8.2,84,32,18
p41,21,176,70,Midfielder,4,3,27,40,9.6,79,33,17
p42,25,176,78,Midfielder,1,3,31,41,6.9,90,29,20
p43,21,183,74,Forward,5,3,18,46,9.3,89,34,17
p44,19,194,63,Midfielder,4,4,22,8,7.1,75,31,13
p45,23,170,80,Forward,3,5,12,22,6.6,61,25,21
p46,27,166,72,Forward,2,4,27,13,7.1,76,30,15
p47,21,176,81,Midfielder,12,2,19,10,9.2,69,35,11
p48,29,183,78,Midfielder,5,3,14,6,7.9,66,31,13
p49,19,169,61,Winger,10,4,36,30,9.6,68,34,16
p50,27,176,73,Forward,6,2,34,23,8.3,76,32,15
p51,21,191,88,Midfielder,1,3,15,25,6.6,68,25,21
p52,31,191,63,Midfielder,6,0,17,29,9.0,68,31,17
p53,33,181,75,Midfielder,2,8,33,33,6.9,96,32,17
p54,32,193,80,Winger,4,4,16,45,9.3,83,33,18
p55,25,181,79,Winger,5,3,30,37,7.1,98,32,17
p56,31,174,73,Defender,8,8,27,4,7.7,70,33,12
p57,25,189,86,Forward,4,5,23,4,9.2,67,34,9
p58,33,187,88,Defender,2,3,24,18,9.8,84,36,9
p59,30,181,74,Midfielder,1,5,19,37,7.8,61,26,23
p60,32,179,87,Winger,8,1,35,27,9.4,69,33,16
p61,30,176,62,Winger,8,4,30,25,7.2,83,32,16
p62,26,194,67,Defender,4,3,21,41,9.3,75,31,19
p63,32,180,75,Winger,1,1,16,22,8.8,78,32,13
p64,30,188,69,Midfielder,9,3,37,45,7.2,90,31,21
p65,18,183,63,Winger,4,4,37,48,7.6,70,27,25
p66,24,172,89,Defender,2,1,16,29,7.0,65,25,22
p67,26,185,77,Midfielder,4,6,20,2,7.8,65,31,12
p68,18,181,61,Defender,3,2,22,27,7.2,91,31,16
p69,29,187,76,Winger,8,4,24,32,8.8,98,37,12
p70,25,169,72,Defender,9,4,27,41,10.0,72,34,18
p71,28,186,63,Defender,4,6,16,2,6.5,62,28,15
p72,34,180,85,Forward,4,3,15,4,8.4,94,37,6
p73,25,170,84,Winger,5,3,32,18,8.5,97,37,9
p74,20,172,89,Winger,11,2,20,41,9.7,76,34,18
p75,20,189,70,Defender,8,7,17,47,8.3,62,28,25
p76,18,182,66,Forward,6,2,29,0,8.4,93,38,5
p77,22,189,71,Winger,2,4,10,37,8.2,71,29,20
p78,27,176,69,Midfielder,8,5,17,8,7.4,83,34,11
p79,24,179,66,Defender,7,2,17,4,6.7,65,29,15
p80,26,191,72,Winger,6,5,28,45,7.9,70,28,24
p81,24,190,66,Midfielder,5,5,12,41,6.7,86,29,22
p82,26,173,83,Winger,3,3,14,33,8.4,83,32,16
p83,25,177,76,Midfielder,5,4,12,36,7.6,77,30,20
p84,29,190,69,Defender,3,4,24,32,8.4,86,33,16
p85,19,179,88,Winger,3,2,23,24,7.0,80,29,17
p86,18,174,69,Winger,7,3,30,41,9.8,93,37,14
p87,33,180,83,Forward,4,3,24,28,9.6,92,37,11
p88,22,171,63,Defender,4,3,33,24,7.2,77,29,17
p89,20,181,79,Midfielder,6,6,26,8,7.7,62,30,15
p90,29,187,63,Winger,6,1,27,2,8.6,83,36,7
p91,25,190,81,Winger,3,2,11,14,6.8,60,26,19
p92,20,185,66,Midfielder,4,3,21,3,7.7,65,30,12
p93,18,186,81,Defender,6,1,25,44,7.4,78,28,23
p94,20,190,60,Forward,6,6,13,37,9.7,81,35,16
p95,22,171,71,Forward,6,4,34,19,9.5,67,33,13
p96,32,178,83,Winger,6,3,11,48,8.5,64,28,25
p97,31,179,72,Midfielder,3,9,37,22,8.3,68,31,16
p98,20,185,69,Winger,5,5,23,36,9.8,80,35,15
p99,18,171,74,Midfielder,2,6,20,46,9.8,87,35,17
p100,22,173,86,Forward,5,5,22,7,9.9,63,34,10
p101,31,183,72,Defender,3,3,37,36,6.9,83,28,20
p102,24,180,82,Midfielder,3,4,34,44,7.1,67,25,26
p103,26,172,81,Forward,5,5,16,32,8.9,76,33,17
p104,32,182,81,Winger,11,7,19,32,8.4,93,37,14
p105,32,191,80,Midfielder,7,1,33,6,6.6,79,31,13
p106,27,187,81,Defender,7,6,10,21,6.7,75,30,18
p107,30,193,87,Winger,4,3,30,4,9.6,69,35,8
p108,24,182,68,Winger,1,5,34,45,9.5,93,35,16
p109,34,194,85,Forward,4,3,37,14,7.8,69,30,15
p110,21,184,68,Midfielder,5,5,13,20,9.6,89,38,9
p111,22,171,74,Winger,4,4,27,24,8.6,89,35,12
p112,24,167,69,Defender,4,6,15,16,9.3,84,36,9
p113,30,182,83,Midfielder,7,4,11,49,8.0,66,27,26
p114,32,191,85,Defender,6,6,12,6,6.9,79,32,12
p115,28,174,84,Winger,8,5,23,49,8.0,76,30,24
p116,21,171,88,Defender,4,2,17,18,8.1,62,28,17
p117,30,181,69,Forward,3,1,25,6,8.4,99,37,5
p118,24,178,67,Defender,0,1,28,39,6.9,95,29,19
p119,19,188,83,Midfielder,4,3,27,44,10.0,85,35,16
p120,27,167,75,Defender,1,5,15,49,7.4,69,25,26
p121,30,176,76,Defender,4,3,23,23,7.2,93,33,14
p122,23,192,85,Forward,3,5,12,10,8.3,73,32,12
p123,29,177,86,Defender,5,4,25,40,8.4,67,29,22
p124,29,166,64,Defender,6,3,10,0,8.0,86,36,7
p125,28,167,63,Winger,6,6,21,31,9.2,69,32,17
p126,24,169,77,Winger,4,5,23,39,8.3,74,30,20
p127,18,175,83,Midfielder,4,6,28,43,8.6,96,35,16
p128,18,172,78,Winger,5,2,31,1,9.0,81,36,6
p129,30,190,63,Winger,1,5,28,14,6.6,90,31,13
p130,26,187,87,Winger,9,6,18,20,8.5,61,31,17
p131,20,187,66,Winger,7,3,16,23,9.6,90,38,10
p132,24,176,69,Forward,5,5,23,49,6.6,73,26,27
p133,23,171,84,Winger,4,5,14,16,7.9,69,30,15
p134,25,179,77,Forward,5,6,27,46,9.7,89,36,17
p135,26,188,78,Forward,4,3,18,8,7.7,95,36,8
p136,22,181,63,Winger,1,6,30,34,8.1,99,34,14
p137,18,168,69,Defender,3,11,16,19,9.9,74,36,11
p138,27,193,60,Forward,7,5,18,18,7.2,73,31,16
p139,29,186,82,Defender,6,6,13,17,6.7,90,33,14
p140,32,189,77,Defender,10,5,34,19,9.5,88,39,9
p141,26,177,64,Winger,4,5,26,29,9.5,86,36,12
p142,34,182,74,Midfielder,5,2,21,39,8.2,80,31,19
p143,34,165,76,Winger,6,10,15,0,8.3,68,34,10
p144,29,180,62,Midfielder,6,2,27,23,9.4,79,35,12
p145,24,177,71,Midfielder,8,2,17,23,9.1,94,38,10
p146,19,174,61,Winger,4,2,30,46,7.4,74,27,24
p147,20,176,60,Winger,3,3,24,18,6.6,83,30,16
p148,34,194,82,Midfielder,3,3,12,29,8.2,75,30,17
p149,22,166,80,Winger,9,3,11,25,9.5,95,39,10
p150,34,187,76,Midfielder,7,3,33,41,9.6,70,32,19
p151,34,167,81,Defender,2,7,32,43,9.8,67,31,20
p152,34,174,75,Winger,2,5,18,37,9.6,62,30,20
p153,19,166,64,Defender,4,6,17,28,8.5,78,32,16
p154,19,194,74,Forward,6,1,36,12,8.1,62,29,15
p155,22,191,62,Defender,9,4,13,3,9.2,95,41,4
p156,18,187,87,Defender,11,3,11,44,9.1,84,35,18
p157,18,177,66,Midfielder,4,7,23,16,8.4,95,37,9
p158,19,177,70,Defender,7,4,11,32,6.8,70,28,22
p159,29,182,69,Winger,7,3,11,4,9.7,75,37,7
p160,23,167,68,Midfielder,3,7,36,27,8.1,76,31,17
p161,21,191,73,Forward,7,1,37,23,7.8,83,32,15
p162,28,171,72,Winger,5,4,31,16,8.7,76,34,12
p163,34,178,88,Forward,2,3,16,49,8.9,79,30,21
p164,23,184,84,Defender,9,5,21,38,7.2,81,31,21
p165,22,193,89,Winger,6,2,15,47,9.4,65,29,22
p166,19,194,84,Winger,3,4,27,39,7.5,66,26,24
p167,23,181,61,Forward,6,4,13,43,7.2,73,28,24
p168,28,193,62,Winger,3,4,28,45,7.9,70,27,24
p169,33,194,66,Winger,2,6,36,10,9.1,71,34,11
p170,33,185,80,Winger,8,8,22,11,9.9,64,36,11
p171,18,176,77,Defender,4,5,29,12,9.3,64,33,12
p172,26,189,62,Forward,5,3,30,7,9.8,79,37,7
p173,23,180,69,Winger,4,4,32,0,7.0,74,31,11
p174,33,188,81,Midfielder,3,4,34,8,6.7,85,31,12
p175,20,176,88,Midfielder,4,4,36,27,8.5,92,35,13
p176,21,179,66,Midfielder,3,7,11,1,7.5,89,35,8
p177,20,189,68,Midfielder,11,5,17,13,9.4,83,39,8
p178,24,174,76,Defender,6,5,28,12,8.9,82,36,9
p179,26,194,70,Winger,5,6,18,47,9.9,68,32,21
p180,18,189,66,Forward,5,2,35,1,7.4,62,29,13
p181,25,171,83,Winger,5,7,37,3,8.2,95,38,6
p182,24,184,87,Defender,3,3,13,11,8.3,66,30,14
p183,25,169,73,Midfielder,6,5,25,47,7.3,81,29,23
p184,18,165,78,Defender,4,2,28,9,8.6,73,33,11
p185,28,194,63,Winger,5,4,19,2,8.1,88,36,7
p186,27,181,85,Forward,3,6,15,3,8.1,75,33,10
p187,20,167,65,Defender,7,6,25,5,7.8,93,37,7
p188,24,177,69,Forward,3,0,19,22,6.6,69,26,20
p189,33,178,66,Defender,6,0,22,4,8.3,66,31,11
p190,33,188,72,Forward,7,2,18,49,7.7,84,30,22
p191,34,194,73,Forward,1,4,16,2,6.5,86,31,10
p192,19,182,63,Midfielder,6,3,13,9,7.6,74,32,13
p193,18,168,67,Forward,4,4,28,42,7.5,91,31,19
p194,33,182,64,Midfielder,2,3,35,18,7.9,87,33,12
p195,29,194,60,Winger,2,8,13,13,7.0,68,29,16
p196,22,169,63,Winger,5,6,28,20,8.3,66,31,16
p197,22,189,62,Midfielder,5,3,37,42,8.9,75,31,20
p198,26,180,68,Midfielder,3,0,28,27,8.7,85,33,14
p199,26,165,67,Defender,5,2,21,20,9.3,94,37,9
p200,20,185,60,Defender,11,3,22,35,8.1,76,32,19
p201,33,178,86,Defender,2,6,34,23,8.3,82,33,14
p202,33,179,65,Winger,6,3,13,37,9.3,67,31,19
p203,20,173,68,Defender,5,4,34,16,8.0,61,29,17
p204,18,179,66,Forward,3,9,37,21,9.0,90,37,10
p205,28,181,63,Forward,4,7,19,18,8.0,91,35,11
p206,34,189,72,Defender,10,3,30,44,8.0,88,33,20
p207,25,188,76,Forward,1,2,16,9,9.2,62,31,12
p208,21,168,87,Winger,8,2,14,10,7.1,67,30,15
p209,23,176,61,Forward,3,2,26,37,7.7,61,25,24
p210,25,191,87,Winger,5,4,27,1,7.3,90,35,8
p211,20,190,64,Midfielder,4,6,20,32,7.8,96,34,15
p212,33,169,71,Midfielder,11,3,24,42,7.3,79,30,22
p213,20,193,86,Midfielder,3,3,30,30,8.5,88,33,14
p214,31,169,80,Midfielder,4,5,31,47,9.3,76,32,20
p215,19,175,67,Forward,3,5,16,34,9.3,69,31,18
p216,20,192,65,Defender,3,5,27,36,7.8,81,30,19
p217,33,170,67,Forward,8,7,35,46,10.0,65,33,21
p218,26,171,77,Winger,1,3,34,46,8.6,93,32,18
p219,21,188,62,Forward,5,2,15,35,7.9,90,32,17
p220,18,178,81,Forward,7,1,27,22,9.4,71,33,14
p221,21,188,71,Winger,3,6,25,35,9.1,71,31,18
p222,18,175,88,Midfielder,7,4,11,39,9.1,75,32,18
p223,31,194,85,Midfielder,5,4,28,38,7.2,84,30,20
p224,33,177,62,Midfielder,7,6,10,25,8.1,81,34,15
p225,25,166,81,Defender,5,1,34,24,9.5,86,36,11
p226,24,189,65,Winger,7,4,35,16,8.3,83,35,12
p227,20,171,61,Winger,5,3,20,14,8.9,71,33,12
p228,34,184,82,Forward,4,4,29,36,8.6,77,31,18
p229,18,168,71,Defender,5,4,14,44,9.4,75,32,19
p230,33,191,61,Midfielder,11,4,25,3,7.5,63,32,13
p231,29,172,65,Defender,7,2,32,21,8.5,71,32,15
p232,31,184,76,Winger,6,2,10,16,6.9,92,33,13
p233,23,193,62,Winger,3,7,28,21,8.9,81,35,12
p234,23,186,61,Forward,0,7,23,16,9.1,77,34,11
p235,30,185,82,Forward,10,2,12,13,6.6,92,34,12
p236,25,183,89,Winger,5,5,11,13,8.9,86,36,9
p237,19,177,79,Midfielder,5,3,33,16,8.0,78,32,13
p238,18,178,67,Midfielder,3,4,14,7,6.9,73,30,14
p239,32,174,81,Defender,4,1,26,33,8.0,84,31,17
p240,18,175,71,Winger,2,3,37,25,7.2,93,32,14
p241,22,166,85,Winger,2,5,27,44,8.0,83,30,21
p242,33,189,63,Midfielder,7,2,10,29,7.8,97,35,14
p243,21,190,64,Midfielder,3,4,24,21,9.1,82,34,12
p244,20,173,72,Winger,1,5,31,15,9.2,64,31,13
p245,34,181,88,Forward,3,2,18,29,8.6,95,35,12
p246,34,190,74,Winger,7,5,36,15,6.6,83,32,15
p247,29,167,84,Winger,5,4,32,37,9.8,95,37,12
p248,31,188,82,Midfielder,5,3,14,23,8.9,64,31,16
p249,23,170,75,Midfielder,4,4,37,35,6.6,98,32,18
p250,20,169,69,Forward,5,5,22,34,9.4,65,31,18
p251,26,169,89,Forward,5,5,28,5,7.2,95,36,8
p252,22,186,89,Defender,3,6,37,3,8.5,63,32,11
p253,34,179,84,Winger,3,0,37,17,8.1,69,29,15
p254,31,187,82,Midfielder,6,3,33,5,8.0,60,30,14
p255,20,181,75,Forward,6,4,19,25,9.6,80,36,12
p256,18,173,71,Defender,4,2,29,36,8.0,99,34,15
p257,18,167,76,Defender,9,6,34,26,6.8,98,35,15
p258,20,184,75,Midfielder,6,3,30,40,9.8,96,37,13
p259,27,190,71,Midfielder,5,5,23,10,9.7,62,34,11
p260,20,181,67,Defender,5,1,31,37,8.9,90,34,15
p261,25,193,79,Forward,4,2,30,15,8.1,86,34,11
p262,31,191,62,Defender,10,3,35,18,6.8,76,31,17
p263,32,174,75,Winger,6,3,21,42,9.3,82,33,18
p264,19,167,89,Winger,2,3,20,14,6.8,72,28,16
p265,27,182,72,Midfielder,4,3,32,25,6.7,86,30,17
p266,19,182,82,Forward,3,4,16,40,8.4,79,30,19
p267,34,194,87,Forward,2,7,26,30,7.1,72,28,20
p268,25,181,78,Winger,5,4,27,18,6.5,83,30,16
p269,18,188,67,Defender,6,6,16,23,8.0,62,29,18
p270,26,167,81,Midfielder,5,5,33,8,7.0,69,30,15
p271,28,167,64,Defender,10,1,29,22,7.1,60,27,20
p272,33,170,79,Defender,5,2,15,3,6.8,72,30,13
p273,24,177,67,Defender,5,6,20,9,7.2,73,31,14
p274,27,188,83,Forward,4,3,21,8,9.0,92,38,6
p275,20,193,71,Winger,4,6,35,18,9.3,61,32,15
p276,30,179,60,Forward,3,7,25,14,8.1,61,30,16
p277,24,189,84,Winger,6,5,28,33,8.3,98,36,14
p278,21,173,89,Midfielder,4,7,32,41,6.6,90,30,21
p279,30,168,80,Midfielder,2,2,36,18,6.7,63,25,19
p280,18,178,79,Defender,9,8,28,48,7.4,93,33,21
p281,25,169,65,Winger,5,7,20,20,8.4,78,34,14
p282,31,166,81,Winger,9,4,25,33,9.1,96,38,13
p283,33,175,77,Winger,5,5,32,16,8.6,68,32,14
p284,31,173,67,Defender,5,1,37,17,7.9,83,32,13
p285,29,188,66,Defender,1,3,36,16,6.9,72,28,17
p286,32,167,60,Midfielder,5,3,21,1,9.2,89,38,4
p287,19,191,80,Forward,8,2,36,0,7.8,78,34,9
p288,19,192,75,Winger,6,5,17,42,9.1,69,31,21
p289,34,193,71,Winger,2,5,12,9,8.3,73,32,11
p290,27,173,65,Forward,5,2,11,36,9.1,99,36,13
p291,23,167,79,Winger,5,6,37,47,9.7,79,34,19
p292,32,189,61,Defender,4,1,15,4,9.7,63,33,9
p293,28,166,88,Defender,6,4,25,11,8.4,97,38,7
p294,22,176,73,Winger,5,1,29,35,8.3,98,34,14
p295,18,174,63,Defender,6,1,33,30,7.4,64,27,21
p296,25,173,60,Defender,5,3,24,37,9.8,91,36,13
p297,29,179,82,Winger,4,3,23,8,8.1,65,30,13
p298,29,172,77,Midfielder,7,1,11,43,6.9,73,26,24
p299,22,189,72,Forward,5,5,29,25,8.0,65,29,18
p300,24,169,61,Defender,7,6,27,14,6.9,73,31,16
p301,21,175,68,Midfielder,6,0,23,15,8.3,71,31,14
p302,23,191,80,Defender,4,2,27,12,8.5,86,35,9
p303,30,166,61,Defender,8,5,11,24,7.7,85,34,15
p304,32,188,86,Forward,4,3,10,29,6.8,71,27,21
p305,20,192,84,Defender,3,5,29,6,9.8,67,35,9
p306,25,179,68,Forward,5,2,11,3,9.2,69,34,9
p307,33,170,60,Forward,10,6,18,42,9.4,75,34,19
p308,30,172,70,Forward,6,4,18,39,7.8,85,32,19
p309,27,191,62,Midfielder,4,2,25,37,9.2,67,30,19
p310,34,169,79,Winger,3,4,20,29,8.2,88,33,15
p311,22,180,89,Midfielder,3,6,36,9,7.2,79,32,12
p312,26,190,82,Winger,5,5,32,29,6.9,76,29,20
p313,29,182,85,Winger,2,5,15,38,7.7,78,29,20
p314,18,170,63,Forward,6,6,21,6,7.0,76,32,13
p315,18,169,77,Defender,2,4,12,35,10.0,98,38,11
p316,32,192,82,Forward,5,8,21,34,6.7,60,26,25
p317,19,180,65,Defender,2,0,32,23,8.0,88,32,13
p318,33,177,62,Winger,6,2,10,38,8.1,73,29,21
p319,25,192,81,Forward,3,1,18,35,7.6,76,28,20
p320,30,169,70,Defender,5,1,29,44,8.5,72,29,22
p321,18,177,74,Midfielder,2,6,31,19,7.0,88,32,14
p322,33,181,81,Defender,6,8,15,48,9.2,93,36,17
p323,24,182,87,Forward,6,3,20,31,7.7,86,32,17
p324,22,172,64,Midfielder,7,3,12,38,8.6,92,35,16
p325,20,177,79,Defender,6,8,13,48,9.0,88,35,19
p326,29,194,69,Defender,6,4,36,25,9.6,96,39,9
p327,33,193,71,Defender,4,3,19,25,9.4,98,38,9
p328,22,183,74,Defender,4,9,28,35,8.6,78,33,18
p329,31,190,76,Defender,7,2,15,42,7.9,83,31,20
p330,22,167,69,Midfielder,5,5,10,34,8.3,73,31,19
p331,32,188,65,Winger,5,5,17,42,9.2,96,36,15
p332,34,172,77,Midfielder,8,4,17,34,9.6,64,32,18
p333,31,166,72,Midfielder,4,3,34,11,6.9,83,31,13
p334,22,172,62,Midfielder,2,6,15,32,7.8,93,33,15
p335,29,191,89,Winger,3,3,26,35,9.2,90,35,14
p336,33,177,83,Forward,4,2,28,13,8.0,89,34,10
p337,33,177,69,Winger,6,1,10,32,7.7,68,28,21
p338,24,165,89,Midfielder,9,2,24,45,7.9,86,32,20
p339,21,170,73,Defender,3,1,22,44,8.6,87,31,19
p340,18,188,65,Defender,5,3,30,44,10.0,85,35,16
p341,22,183,62,Midfielder,3,8,12,23,8.2,77,32,15
p342,27,180,75,Defender,2,1,11,14,7.2,95,33,11
p343,22,172,66,Midfielder,4,4,12,30,7.1,67,27,21
p344,21,192,79,Defender,9,8,18,16,6.6,77,32,16
p345,19,165,73,Winger,4,3,36,11,8.5,79,34,10
p346,27,191,68,Forward,5,3,25,21,8.4,91,35,11
p347,18,191,74,Forward,8,7,33,22,7.2,88,34,15
p348,22,180,80,Winger,8,4,22,25,8.9,77,34,14
p349,30,173,62,Winger,5,2,28,13,9.1,66,32,13
p350,21,177,61,Midfielder,3,1,36,11,7.4,60,27,16
p351,33,175,86,Midfielder,9,7,27,49,7.7,87,32,22
p352,33,177,61,Midfielder,2,5,30,3,10.0,92,40,2
p353,19,189,62,Defender,8,2,21,45,7.8,63,27,25
p354,34,185,77,Midfielder,7,6,37,12,9.2,79,37,9
p355,29,174,73,Winger,6,3,21,17,8.1,95,36,10
p356,20,168,79,Forward,9,3,10,42,9.3,90,36,16
p357,18,191,77,Defender,3,1,29,27,9.2,97,36,10
p358,18,170,69,Midfielder,6,5,17,37,8.8,87,34,16
p359,28,192,84,Defender,7,3,26,40,9.5,62,30,21
p360,22,171,61,Defender,7,4,30,43,9.8,65,31,20
p361,29,169,84,Midfielder,5,4,37,18,8.5,82,34,12
p362,20,175,88,Defender,5,7,29,45,7.3,66,27,26
p363,18,177,81,Forward,1,4,31,46,7.9,95,32,19
p364,18,190,60,Winger,7,3,16,42,9.2,60,29,22
p365,25,189,63,Winger,4,2,18,37,8.8,65,29,20
p366,27,183,73,Forward,7,2,26,45,7.1,83,29,23
p367,28,187,60,Defender,5,2,36,2,6.7,96,34,8
p368,29,174,73,Midfielder,5,4,19,18,8.9,95,38,9
p369,30,174,75,Defender,3,4,13,19,7.4,83,31,14
p370,29,175,81,Forward,5,4,31,24,8.2,97,36,11
p371,31,185,73,Defender,5,4,35,10,9.1,88,37,7
p372,19,194,88,Winger,4,5,16,16,8.5,96,37,9
p373,20,171,79,Defender,3,3,16,48,6.8,91,29,23
p374,34,182,62,Forward,3,3,17,34,7.1,84,29,19
p375,25,168,62,Winger,5,1,35,13,7.3,69,29,16
p376,27,166,68,Defender,10,6,33,38,7.4,94,34,18
p377,19,178,65,Defender,2,6,33,18,8.5,84,34,12
p378,26,177,84,Winger,5,5,17,2,8.3,86,36,7
p379,24,193,72,Midfielder,3,4,25,33,7.2,91,31,17
p380,21,176,80,Winger,4,3,21,48,6.7,71,25,27
p381,30,171,61,Midfielder,6,2,24,40,7.1,63,25,25
p382,28,166,67,Forward,3,3,17,21,9.9,85,36,10
p383,21,177,80,Forward,4,4,31,37,8.1,62,27,22
p384,21,178,61,Winger,4,4,18,26,9.5,76,34,14
p385,27,191,63,Winger,5,4,12,20,9.5,68,33,13
p386,22,181,84,Forward,8,8,31,40,8.3,88,35,18
p387,26,173,74,Midfielder,5,3,30,30,9.0,60,29,19
p388,20,181,63,Forward,6,4,25,26,7.2,77,30,18
p389,34,172,72,Winger,3,3,24,36,8.9,79,32,17
p390,20,166,87,Forward,4,5,33,1,7.5,93,36,7
p391,33,192,71,Winger,5,6,13,46,9.4,87,35,18
p392,21,188,87,Winger,6,7,29,8,6.8,94,35,10
p393,34,177,72,Forward,7,7,25,18,9.2,75,35,12
p394,24,167,73,Midfielder,5,3,19,41,6.8,80,28,23
p395,22,180,79,Defender,2,3,20,35,9.6,72,31,17
p396,29,170,77,Forward,6,3,35,9,7.6,94,36,9
p397,34,183,88,Defender,4,3,14,39,8.8,91,34,16
p398,30,194,87,Forward,2,7,20,44,8.2,97,34,17
p399,20,171,65,Defender,4,4,22,38,7.8,65,27,23
p400,26,174,88,Midfielder,2,5,24,6,8.8,97,38,5
p401,34,173,70,Midfielder,3,2,15,3,9.8,97,40,2
p402,34,166,89,Forward,4,5,25,14,6.6,72,29,17
p403,33,192,61,Winger,7,6,24,11,9.7,98,42,4
p404,30,192,87,Defender,5,10,20,47,8.6,72,31,22
p405,34,179,82,Winger,5,2,29,5,9.3,71,34,9
p406,21,194,78,Winger,7,6,11,8,7.8,92,37,8
p407,29,169,78,Winger,9,7,37,34,8.2,87,35,16
p408,26,193,64,Midfielder,7,3,37,7,9.5,62,34,11
p409,29,186,78,Forward,6,5,11,6,8.0,77,34,10
p410,26,168,61,Forward,6,2,21,3,8.4,85,36,7
p411,24,184,69,Midfielder,9,4,25,12,6.6,99,36,11
p412,31,168,84,Midfielder,2,3,28,18,7.1,61,26,19
p413,32,182,61,Forward,3,3,11,6,8.7,63,31,12
p414,33,168,89,Winger,9,1,26,9,9.0,87,37,7
p415,22,191,70,Defender,3,6,23,24,8.5,87,34,13
p416,20,181,77,Defender,8,3,33,43,7.0,84,30,22
p417,29,176,88,Defender,5,7,37,34,8.1,85,33,17
p418,21,186,83,Winger,4,6,25,24,7.7,61,28,20
p419,33,181,74,Forward,9,3,14,28,8.2,93,36,13
p420,24,174,68,Midfielder,2,3,19,11,9.5,89,37,6
p421,30,186,82,Forward,5,2,26,46,9.2,80,32,19
p422,27,165,78,Winger,10,4,22,39,6.8,96,33,19
p423,24,186,68,Midfielder,5,5,25,11,9.6,82,37,8
p424,31,190,62,Winger,4,6,18,5,8.2,92,37,7
p425,22,188,80,Defender,7,5,33,9,9.1,61,33,12
p426,20,191,68,Defender,3,1,13,1,7.0,86,32,9
p427,28,182,87,Winger,6,8,33,44,8.8,81,33,19
p428,28,182,89,Midfielder,3,8,37,24,7.3,93,34,14
p429,32,178,73,Midfielder,3,3,35,6,8.0,75,32,11
p430,29,179,78,Forward,4,6,25,39,6.6,79,28,23
p431,26,193,66,Defender,1,4,32,22,7.0,85,30,16
p432,27,176,75,Forward,2,3,36,47,6.8,75,25,26
p433,29,168,75,Forward,4,7,20,10,7.3,65,30,15
p434,34,191,87,Winger,5,3,16,35,6.9,82,29,20
p435,23,167,60,Winger,8,4,26,48,8.9,96,36,17
p436,24,184,63,Forward,7,7,31,47,6.6,67,26,28
p437,31,193,63,Defender,7,4,22,22,8.7,65,31,16
p438,30,176,66,Winger,2,6,13,42,7.0,96,31,19
p439,25,171,67,Forward,6,5,23,6,9.8,81,38,6
p440,27,193,76,Forward,8,11,19,26,9.8,65,35,15
p441,26,175,64,Forward,6,3,19,12,7.3,91,34,11
p442,19,165,66,Forward,4,4,19,16,8.7,76,33,12
p443,22,170,87,Forward,4,2,36,31,6.6,97,31,17
p444,22,179,79,Forward,4,3,21,25,9.8,76,34,13
p445,23,179,88,Winger,1,0,11,21,8.3,96,34,10
p446,25,183,79,Defender,6,5,35,12,6.7,82,32,14
p447,33,175,63,Forward,8,5,32,11,7.7,72,32,14
p448,30,190,87,Midfielder,7,2,18,6,6.8,91,34,10
p449,18,187,65,Winger,7,3,14,0,7.9,81,35,8
p450,34,190,66,Winger,6,6,17,32,8.8,66,31,19
p451,24,166,77,Forward,6,3,30,13,8.1,81,34,12
p452,30,178,64,Winger,4,4,23,46,7.8,80,29,22
p453,21,166,79,Forward,3,5,16,42,6.9,65,25,26
p454,21,193,89,Defender,6,2,16,40,7.4,73,28,23
p455,23,168,88,Defender,3,4,18,16,6.9,75,29,16
p456,29,181,62,Winger,10,4,12,3,9.3,62,35,10
p457,24,167,66,Winger,5,6,23,38,7.0,68,27,24
p458,27,177,86,Midfielder,6,3,26,0,8.6,80,36,7
p459,24,173,87,Winger,6,3,27,40,7.7,89,32,19
p460,20,171,81,Midfielder,4,5,21,44,7.3,89,30,21
p461,30,179,73,Defender,6,4,31,23,8.7,91,36,11
p462,30,187,66,Defender,5,5,23,33,8.1,82,32,17
p463,25,193,64,Forward,3,6,35,33,7.9,62,27,22
p464,26,193,88,Defender,2,5,35,23,8.6,60,29,18
p465,24,175,81,Midfielder,3,1,37,14,8.2,62,29,15
p466,18,184,64,Winger,2,5,22,16,7.6,96,35,10
p467,20,166,89,Forward,8,4,23,12,8.5,66,32,13
p468,30,179,82,Midfielder,7,0,18,6,8.8,62,32,12
p469,34,178,61,Winger,4,5,28,8,6.6,95,34,10
p470,18,184,89,Forward,3,3,35,43,8.1,62,26,24
p471,23,186,86,Defender,3,4,11,34,6.7,63,24,24
p472,23,175,80,Midfielder,6,4,20,22,7.2,90,33,14
p473,29,191,81,Winger,5,6,26,46,8.5,61,28,25
p474,30,167,65,Forward,1,5,11,38,9.5,73,31,18
p475,30,181,74,Forward,8,2,28,22,9.6,96,39,8
p476,32,194,80,Defender,9,2,16,25,6.7,90,32,16
p477,33,176,69,Winger,4,4,27,0,8.0,61,30,12
p478,28,188,82,Defender,7,6,22,13,8.5,90,37,9
p479,22,192,85,Defender,3,5,14,31,7.0,81,29,19
p480,21,193,83,Winger,7,5,27,47,9.2,69,31,22
p481,20,185,66,Winger,5,6,32,9,9.1,89,38,7
p482,32,179,64,Winger,6,4,35,0,9.7,92,41,2
p483,26,180,60,Midfielder,8,3,33,4,6.5,78,31,13
p484,34,169,72,Winger,2,3,33,2,7.3,84,33,9
p485,31,191,80,Forward,4,5,25,48,9.4,60,28,24
p486,32,184,85,Defender,9,4,24,49,8.8,91,35,19
p487,18,170,77,Midfielder,4,4,17,26,9.6,84,36,12
p488,20,183,72,Winger,4,3,35,21,6.7,76,28,18
p489,33,189,80,Midfielder,3,3,24,17,8.6,73,32,13
p490,28,169,80,Winger,4,1,34,15,8.5,72,31,13
p491,29,167,77,Midfielder,4,2,10,1,6.6,97,34,8
p492,27,191,64,Defender,6,7,37,46,8.3,98,35,18
p493,33,165,72,Defender,7,2,26,12,8.6,61,31,14
p494,25,190,63,Forward,3,4,24,44,7.2,91,30,21
p495,23,192,76,Forward,6,3,23,15,7.5,91,34,11
p496,29,170,62,Winger,8,3,23,7,8.7,99,40,5
p497,25,179,76,Defender,7,7,19,42,8.1,65,29,23
p498,21,166,87,Midfielder,3,3,11,7,9.5,84,37,6
p499,25,193,70,Midfielder,4,2,36,9,7.7,62,29,15
p500,22,167,80,Midfielder,6,1,15,32,7.4,77,29,19
p501,26,181,79,Forward,8,4,26,30,9.9,97,40,10
p502,21,189,82,Midfielder,3,2,14,11,9.7,62,32,12
p503,34,188,80,Forward,4,4,14,8,6.6,64,27,16
p504,26,176,85,Forward,3,7,24,36,9.2,83,34,16
p505,18,182,89,Winger,8,4,24,8,6.9,93,35,10
p506,30,179,63,Midfielder,1,5,29,47,6.6,98,30,21
p507,33,176,61,Midfielder,3,8,20,17,7.5,83,33,14
p508,30,180,79,Defender,7,4,14,29,7.4,95,34,15
p509,31,191,75,Winger,5,3,37,31,9.4,87,35,13
p510,20,172,87,Defender,9,7,10,39,9.0,93,37,15
p511,23,192,77,Winger,5,4,20,22,9.9,75,35,12
p512,22,178,67,Midfielder,4,5,20,10,9.0,95,38,6
p513,32,189,62,Forward,5,8,15,19,8.0,66,31,16
p514,19,181,68,Forward,7,4,32,18,8.9,77,35,12
p515,27,193,88,Forward,3,3,17,35,10.0,65,31,18
p516,30,185,79,Forward,6,1,11,25,9.0,87,35,12
p517,22,172,88,Forward,7,1,24,9,9.2,98,39,5
p518,18,179,65,Defender,4,8,32,23,9.8,93,39,9
p519,18,191,69,Winger,4,5,31,12,6.9,88,33,12
p520,32,178,80,Midfielder,4,3,18,45,9.0,63,28,23
p521,34,182,69,Defender,3,5,24,33,9.5,73,32,16
p522,28,184,72,Winger,4,4,17,28,9.8,64,32,16
p523,34,171,76,Forward,2,3,25,35,7.2,84,29,19
p524,30,167,68,Winger,7,1,36,6,8.3,98,38,6
p525,18,193,76,Winger,6,5,23,29,8.9,67,31,18
p526,19,176,83,Forward,7,3,24,16,7.4,74,31,15
p527,26,185,68,Forward,5,4,29,47,8.6,78,31,21
p528,20,188,68,Forward,4,9,22,12,7.4,70,31,15
p529,18,192,60,Midfielder,5,7,18,23,7.7,79,32,16
p530,33,190,61,Forward,4,5,10,30,8.0,95,34,14
p531,23,167,87,Midfielder,7,4,36,26,8.4,77,33,16
p532,34,184,75,Forward,5,1,15,49,8.1,73,28,24
p533,22,178,88,Midfielder,6,7,17,20,8.2,97,37,10
p534,22,179,60,Winger,5,2,36,43,7.5,84,29,21
p535,23,189,69,Defender,2,7,36,0,7.1,75,32,11
p536,20,194,77,Winger,4,4,29,14,6.7,77,30,15
p537,22,178,85,Winger,4,6,27,2,7.2,60,29,14
p538,22,171,87,Forward,6,5,36,5,8.5,99,39,5
p539,27,181,67,Midfielder,11,6,27,13,9.3,60,34,13
p540,27,194,80,Defender,6,6,35,37,7.1,60,26,25
p541,34,176,87,Forward,8,2,26,32,6.9,80,30,20
p542,31,184,70,Forward,5,5,30,37,9.1,84,34,16
p543,26,168,82,Forward,3,5,25,7,7.6,86,34,10
p544,31,173,61,Winger,5,7,22,25,9.8,69,34,14
p545,18,170,67,Midfielder,1,3,31,14,9.0,71,32,12
p546,30,180,86,Midfielder,8,2,13,13,7.6,87,34,11
p547,30,189,81,Defender,6,5,13,47,7.5,91,32,21
p548,21,192,67,Midfielder,4,7,30,19,8.3,92,36,11
p549,18,186,76,Midfielder,7,4,23,47,6.8,67,25,27
p550,34,186,74,Forward,1,5,14,18,6.9,85,31,15
p551,25,185,76,Forward,7,4,25,32,7.1,61,26,23
p552,19,185,87,Winger,3,6,23,35,9.2,94,36,13
p553,25,166,82,Forward,9,2,23,23,8.3,93,36,12
p554,24,188,83,Forward,4,5,23,9,6.5,65,28,17
p555,19,172,72,Forward,2,3,34,49,8.9,90,32,19
p556,20,175,78,Forward,4,6,33,33,8.0,82,32,18
p557,29,177,64,Winger,6,4,34,35,8.3,71,30,20
p558,18,181,71,Forward,2,4,23,46,7.2,87,29,22
p559,29,172,60,Defender,1,7,28,35,8.4,74,30,19
p560,22,185,82,Defender,7,1,12,15,9.9,78,36,9
p561,34,182,64,Defender,7,2,26,14,6.8,71,29,16
p562,33,194,67,Defender,6,5,23,17,7.5,61,29,18
p563,32,182,72,Forward,8,2,19,6,7.4,70,31,13
p564,32,178,67,Defender,7,5,22,46,7.4,96,33,20
p565,22,179,84,Forward,5,4,31,21,7.8,97,35,11
p566,31,170,82,Winger,6,0,13,31,9.4,84,34,14
p567,19,175,70,Defender,6,3,20,42,9.7,80,34,17
p568,28,177,60,Midfielder,7,3,24,18,7.2,95,34,12
p569,24,189,72,Defender,6,1,24,39,8.4,68,29,21
p570,23,165,78,Defender,3,3,33,0,8.7,71,33,8
p571,19,192,83,Forward,3,5,11,34,8.3,69,29,20
p572,23,170,62,Defender,1,6,20,4,8.0,64,30,12
p573,19,173,83,Midfielder,5,2,11,49,7.2,92,30,22
p574,32,172,76,Forward,3,3,32,11,8.2,64,30,14
p575,19,175,64,Forward,9,4,14,11,7.9,75,33,12
p576,23,186,79,Winger,8,4,22,20,9.3,96,39,8
p577,18,183,80,Winger,4,4,10,18,9.2,96,38,8
p578,32,188,67,Defender,2,5,16,8,7.0,88,33,11
p579,27,173,85,Winger,3,0,16,42,6.8,77,26,24
p580,34,181,73,Winger,2,3,19,48,9.7,88,34,17
p581,22,176,63,Winger,4,5,15,47,8.4,65,28,24
p582,21,189,70,Forward,4,6,29,35,9.5,77,34,16
p583,27,178,79,Forward,5,8,21,41,6.7,91,31,21
p584,34,179,74,Forward,8,3,22,46,8.3,90,33,19
p585,27,180,78,Winger,6,4,33,31,8.4,70,30,18
p586,34,186,66,Forward,3,3,37,34,9.5,85,34,14
p587,22,186,78,Winger,5,4,20,30,6.8,87,30,18
p588,19,192,87,Forward,6,4,27,31,7.3,86,32,18
p589,23,184,78,Forward,3,5,11,36,7.9,78,30,19
p590,19,165,70,Midfielder,8,3,25,31,9.5,86,36,13
p591,30,174,85,Defender,8,2,11,42,9.8,79,34,17
p592,28,172,64,Winger,5,5,28,36,10.0,62,32,18
p593,28,182,64,Midfielder,4,6,15,38,9.9,75,34,17
p594,33,192,89,Forward,2,1,10,37,6.5,98,30,18
p595,28,165,81,Winger,6,6,20,29,6.7,88,31,18
p596,32,166,67,Forward,5,6,27,31,7.0,74,29,20
p597,33,165,69,Defender,6,5,19,44,7.7,89,32,20
p598,28,165,65,Midfielder,7,3,27,1,9.4,99,41,2
p599,33,173,74,Defender,3,3,37,10,9.6,60,32,12
p600,25,177,75,Midfielder,9,4,10,19,7.2,88,34,14
p601,21,194,87,Forward,2,3,28,36,8.7,89,33,16
p602,25,165,76,Defender,0,3,25,8,9.7,99,39,3
p603,21,177,67,Defender,6,1,35,37,8.1,91,33,17
p604,20,184,67,Forward,4,6,16,48,6.9,69,26,27
p605,20,190,84,Defender,6,5,24,18,8.1,86,35,12
p606,22,186,68,Winger,4,6,10,39,7.8,67,28,23
p607,27,171,61,Midfielder,5,4,32,6,8.5,95,38,6
p608,23,166,74,Midfielder,2,6,30,4,8.0,94,37,6
p609,18,170,77,Midfielder,5,5,18,46,6.6,95,30,22
p610,22,171,62,Winger,4,3,11,41,10.0,95,37,13
p611,26,190,76,Midfielder,3,4,26,23,8.4,84,33,13
p612,29,178,63,Forward,5,2,34,47,8.2,79,30,22
p613,31,190,89,Defender,3,1,33,40,9.8,76,32,17
p614,19,182,63,Winger,3,5,19,6,7.0,82,32,11
p615,34,179,73,Midfielder,4,3,15,10,7.2,84,32,12
p616,31,166,68,Forward,8,7,14,8,9.3,90,40,6
p617,30,174,68,Defender,5,8,17,48,7.4,65,26,27
p618,26,187,84,Defender,4,7,17,29,9.3,94,37,11
p619,32,176,85,Winger,4,6,14,40,7.5,63,26,24
p620,32,181,82,Winger,4,0,21,2,6.6,99,34,8
p621,28,172,89,Winger,4,3,16,21,8.3,79,32,14
p622,33,175,77,Forward,7,2,22,39,7.2,60,25,25
p623,34,193,69,Forward,8,6,22,19,9.2,85,37,10
p624,21,167,80,Winger,7,6,26,31,8.7,93,37,13
p625,18,191,63,Midfielder,3,7,13,47,9.7,69,31,21
p626,25,170,71,Defender,6,2,27,6,9.2,82,37,7
p627,34,173,86,Defender,6,7,19,6,7.1,83,34,11
p628,20,170,67,Forward,4,1,12,19,9.3,72,33,13
p629,32,173,61,Defender,6,3,21,24,8.7,88,35,12
p630,32,171,81,Midfielder,9,3,10,44,8.8,86,34,18
p631,31,173,72,Defender,6,2,36,34,9.4,90,36,13
p632,31,182,80,Forward,4,2,20,43,8.5,69,28,22
p633,19,176,75,Forward,6,1,27,23,8.1,90,34,13
p634,30,172,87,Midfielder,7,3,22,39,8.7,98,36,15
p635,31,172,61,Midfielder,4,7,26,12,7.5,69,31,15
p636,24,182,70,Defender,3,7,17,47,7.1,83,29,23
p637,20,192,69,Defender,4,2,29,38,8.7,92,34,16
p638,32,194,74,Forward,5,0,28,3,7.3,73,30,12
p639,31,184,76,Midfielder,3,3,26,11,6.8,94,33,11
p640,28,194,67,Midfielder,5,6,11,16,6.5,93,33,13
p641,32,179,77,Midfielder,3,9,12,0,8.6,76,36,8
p642,30,191,82,Defender,5,2,12,16,7.8,80,32,13
p643,23,171,68,Midfielder,5,2,15,1,9.1,91,38,4
p644,20,175,84,Forward,5,4,19,5,7.8,62,30,14
p645,32,184,67,Forward,6,4,33,43,8.2,74,30,22
p646,22,180,86,Defender,6,2,31,10,7.9,67,30,14
p647,27,168,73,Winger,6,6,27,42,8.8,91,35,17
p648,24,170,87,Defender,5,4,27,17,7.7,97,36,10
p649,34,190,85,Winger,7,2,23,39,9.9,85,36,15
p650,24,186,84,Midfielder,3,6,25,24,9.8,89,37,10
p651,29,190,77,Defender,5,3,16,38,9.5,68,31,19
p652,34,167,81,Forward,7,3,10,27,9.7,91,38,11
p653,30,173,79,Midfielder,2,3,26,45,8.1,70,27,23
p654,21,192,89,Forward,8,5,32,15,8.4,81,35,12
p655,27,174,79,Midfielder,4,2,34,11,9.1,93,37,7
p656,20,178,80,Defender,2,6,14,40,8.9,77,31,19
p657,26,175,71,Winger,5,3,36,28,9.6,78,34,14
p658,30,182,78,Midfielder,5,3,10,22,9.0,77,33,13
p659,32,186,73,Winger,4,1,30,20,10.0,96,39,7
p660,21,176,76,Midfielder,6,4,36,15,7.7,77,32,14
p661,32,187,83,Forward,8,7,26,47,9.4,71,32,21
p662,19,176,80,Forward,4,4,19,40,8.9,63,29,22
p663,32,177,62,Midfielder,3,1,21,44,8.9,86,32,18
p664,25,189,85,Winger,6,1,34,25,7.6,64,28,20
p665,25,177,89,Defender,4,2,29,36,9.2,65,30,19
p666,34,183,82,Defender,2,4,34,21,9.7,72,33,13
p667,29,190,66,Forward,3,8,11,9,7.3,82,33,12
p668,27,183,76,Defender,1,3,32,6,8.7,84,35,8
p669,26,187,71,Forward,9,4,25,8,7.9,63,31,14
p670,22,178,68,Defender,5,3,24,24,10.0,91,38,9
p671,23,168,74,Midfielder,3,4,37,45,8.2,74,29,22
p672,19,177,77,Forward,4,2,22,14,7.3,85,32,13
p673,30,172,80,Forward,3,4,27,12,7.8,70,30,14
p674,23,193,72,Midfielder,4,3,37,41,8.8,68,29,21
p675,22,187,89,Forward,6,7,29,45,6.8,70,27,26
p676,18,185,80,Defender,4,3,31,25,8.6,61,29,18
p677,23,187,89,Defender,2,5,23,20,9.8,86,37,9
p678,23,183,67,Forward,6,3,27,22,9.5,85,36,11
p679,33,176,73,Defender,3,0,11,43,6.7,67,23,26
p680,21,182,67,Winger,6,6,11,27,10.0,80,37,12
p681,28,170,73,Forward,2,7,12,37,8.9,80,32,17
p682,26,182,66,Midfielder,8,5,14,11,7.1,67,30,16
p683,20,183,82,Winger,3,4,34,23,6.5,60,25,22
p684,25,186,71,Forward,6,1,25,12,7.1,97,34,10
p685,22,169,70,Midfielder,4,8,31,39,9.4,72,32,18
p686,21,188,81,Defender,5,4,24,47,6.6,68,25,27
p687,23,173,81,Midfielder,6,0,21,1,7.3,87,34,8
p688,19,191,70,Winger,1,3,18,38,9.2,65,29,20
p689,28,167,84,Defender,5,3,35,11,8.6,82,35,10
p690,21,192,81,Forward,7,3,23,38,9.2,95,36,14
p691,32,174,87,Defender,6,3,30,13,9.1,76,35,11
p692,23,183,88,Forward,6,3,25,29,6.7,68,27,22
p693,34,167,72,Forward,7,5,20,40,9.6,71,33,19
p694,23,193,77,Midfielder,4,9,15,49,7.3,81,29,24
p695,19,193,61,Midfielder,3,4,19,42,8.4,71,29,22
p696,32,186,88,Midfielder,8,1,37,47,8.8,65,29,24
p697,28,179,80,Winger,4,1,17,18,7.1,68,27,18
p698,25,165,74,Winger,5,3,25,30,9.9,96,38,10
p699,30,171,79,Midfielder,5,2,12,42,8.2,62,27,24
p700,29,176,86,Winger,3,3,11,49,6.7,93,29,23
p701,22,181,77,Defender,9,1,25,42,9.8,67,32,20
p702,23,194,74,Defender,8,5,28,24,8.6,69,32,16
p703,21,185,78,Winger,6,4,18,3,8.9,68,34,10
p704,18,190,82,Winger,3,10,25,49,8.3,73,30,24
p705,34,193,83,Defender,5,4,31,12,9.4,96,39,6
p706,29,188,71,Forward,5,3,35,35,6.6,86,29,20
p707,32,184,72,Defender,5,5,37,41,7.4,91,32,19
p708,18,169,81,Defender,3,2,13,36,8.1,63,27,22
p709,31,168,70,Winger,7,3,19,2,6.8,61,28,15
p710,23,192,64,Defender,3,4,28,15,9.0,92,37,8
p711,22,176,88,Winger,0,2,22,25,7.9,80,30,16
p712,28,194,60,Winger,6,1,27,39,7.5,60,25,25
p713,21,184,83,Midfielder,6,5,24,38,6.5,70,26,24
p714,30,192,62,Defender,4,6,13,18,9.0,60,31,15
p715,28,188,81,Forward,5,7,18,45,9.4,70,32,21
p716,20,182,78,Midfielder,9,2,13,14,7.9,66,31,15
p717,18,181,82,Winger,5,5,25,31,8.5,61,29,20
p718,23,183,88,Winger,4,5,37,48,7.3,74,27,25
p719,27,173,89,Forward,3,7,30,20,8.7,67,31,15
p720,22,168,66,Winger,6,5,24,0,6.5,85,33,10
p721,27,190,71,Defender,2,4,33,5,8.2,99,37,5
p722,29,185,74,Midfielder,6,7,11,26,8.8,94,37,11
p723,19,166,84,Winger,6,9,37,22,9.7,80,37,11
p724,30,168,64,Winger,6,3,36,46,7.8,97,33,19
p725,25,166,74,Forward,5,5,23,30,9.2,67,32,17
p726,19,179,67,Defender,3,3,12,11,8.6,91,36,8
p727,18,166,69,Winger,4,1,31,20,9.7,67,32,13
p728,22,168,85,Forward,4,5,37,1,7.9,69,32,11
p729,26,170,75,Winger,5,3,32,4,7.6,82,33,10
p730,34,171,67,Forward,4,4,13,8,9.6,63,33,11
p731,26,174,60,Forward,4,6,10,19,6.7,97,34,13
p732,28,183,71,Defender,5,3,32,45,7.0,89,30,22
p733,32,183,64,Winger,5,4,37,17,6.8,82,31,15
p734,23,190,62,Defender,5,8,18,21,9.5,64,33,14
p735,20,186,60,Forward,7,6,26,7,6.5,80,32,13
p736,34,193,63,Midfielder,3,2,23,33,9.5,65,30,18
p737,22,176,67,Winger,2,3,26,8,8.1,76,32,11
p738,29,167,62,Midfielder,4,6,10,6,6.5,84,32,12
p739,31,177,69,Winger,4,1,19,29,7.9,83,31,16
p740,28,182,61,Defender,6,2,32,17,7.2,81,31,14
p741,26,172,70,Defender,3,4,25,26,8.7,72,31,16
p742,19,185,84,Defender,5,0,36,15,8.9,76,33,12
p743,29,179,69,Defender,5,2,34,20,8.2,73,31,15
p744,20,165,80,Defender,5,4,28,4,6.6,93,34,9
p745,20,167,73,Midfielder,5,7,33,28,8.8,85,35,14
p746,18,190,66,Defender,3,3,34,46,9.4,78,31,19
p747,25,172,86,Forward,10,3,12,36,9.0,85,35,16
p748,25,168,86,Forward,5,3,37,42,9.4,62,29,21
p749,28,180,61,Midfielder,4,6,21,21,7.2,61,27,20
p750,26,194,68,Winger,4,5,12,13,9.6,87,38,7
p751,22,187,75,Forward,7,4,24,18,7.6,61,29,18
p752,31,174,72,Winger,3,2,26,34,6.5,81,27,21
p753,20,176,68,Midfielder,6,5,27,23,9.5,66,33,15
p754,22,178,79,Winger,2,6,16,41,9.8,63,30,20
p755,22,178,63,Winger,4,2,28,5,8.8,97,38,4
p756,31,166,81,Winger,4,4,16,2,7.3,98,36,6
p757,21,187,69,Winger,4,2,14,33,7.4,79,29,19
p758,30,169,85,Midfielder,8,3,35,44,8.1,65,28,24
p759,27,169,85,Forward,5,6,17,49,9.6,68,31,22
p760,25,170,81,Defender,8,3,30,1,7.0,90,35,8
p761,25,177,71,Winger,5,1,25,14,9.4,85,36,8
p762,24,173,76,Forward,7,3,25,36,7.5,95,33,17
p763,25,194,73,Forward,8,7,28,14,9.3,85,38,9
p764,31,186,73,Midfielder,3,6,34,31,9.7,87,36,12
p765,23,192,84,Forward,4,1,24,20,8.0,64,28,17
p766,18,193,61,Midfielder,6,3,16,16,7.8,69,30,15
p767,32,179,80,Winger,4,7,14,33,9.3,77,34,16
p768,18,178,84,Winger,4,4,32,31,8.4,74,31,18
p769,34,188,79,Defender,6,3,20,49,8.9,92,34,18
p770,18,171,70,Defender,2,0,19,46,8.7,64,26,24
p771,32,189,75,Defender,4,6,34,22,7.0,96,34,13
p772,19,184,78,Forward,2,4,30,34,9.5,99,37,11
p773,31,166,82,Winger,8,6,32,36,7.2,81,31,20
p774,25,171,65,Midfielder,7,6,36,42,9.8,81,35,17
p775,25,170,83,Defender,2,2,18,40,7.4,81,28,21
p776,24,181,78,Midfielder,5,5,10,36,9.1,74,32,18
p777,23,191,64,Midfielder,6,4,29,32,7.5,76,30,19
p778,23,189,85,Defender,7,6,10,24,7.6,87,34,15
p779,20,189,63,Winger,7,4,17,45,7.6,81,30,22
p780,24,192,74,Defender,7,4,12,36,9.1,80,34,17
p781,25,166,88,Midfielder,6,2,11,39,8.4,76,30,20
p782,27,167,63,Defender,5,5,13,20,9.6,64,33,14
p783,32,169,79,Midfielder,5,5,36,45,7.6,77,29,23
p784,32,169,69,Midfielder,8,3,28,47,8.9,76,31,21
p785,18,165,83,Defender,7,4,20,37,9.1,63,30,20
p786,24,172,81,Forward,4,5,14,39,7.0,66,26,24
p787,21,176,62,Defender,5,6,33,33,7.9,84,32,17
p788,23,188,85,Forward,8,5,19,18,8.2,96,37,10
p789,18,168,64,Midfielder,5,7,33,26,7.7,99,36,13
p790,22,177,65,Midfielder,2,5,36,8,7.6,99,36,7
p791,18,187,80,Forward,3,2,32,4,8.9,68,32,10
p792,21,179,81,Midfielder,7,7,17,4,7.3,78,34,11
p793,19,175,67,Forward,3,1,22,24,9.0,68,30,16
p794,27,174,66,Forward,8,5,14,25,9.8,82,37,11
p795,22,167,80,Midfielder,1,6,35,18,8.5,90,35,10
p796,27,186,69,Winger,5,4,35,29,8.6,91,35,13
p797,18,178,65,Forward,3,4,36,35,6.7,90,30,19
p798,23,180,73,Defender,5,4,21,47,9.5,76,32,20
p799,30,174,63,Defender,5,0,36,47,7.5,98,31,20
p800,32,193,87,Midfielder,2,6,22,15,8.7,81,34,11
p801,21,174,84,Winger,7,3,31,6,9.9,94,41,3
p802,30,176,72,Midfielder,2,3,17,17,8.6,89,35,10
p803,32,194,79,Winger,4,5,24,20,9.0,99,38,8
p804,25,173,76,Forward,5,5,22,30,8.1,96,35,14
p805,22,165,82,Forward,4,3,10,0,6.7,85,32,10
p806,32,169,66,Forward,4,2,31,2,9.3,65,33,9
p807,21,184,63,Forward,5,3,15,30,6.6,93,31,17
p808,29,172,88,Defender,4,3,20,24,9.0,91,36,11
p809,30,175,73,Defender,4,4,22,7,6.6,84,32,12
p810,19,176,62,Midfielder,5,1,30,0,9.5,72,35,7
p811,21,165,83,Winger,7,6,29,6,7.1,97,37,8
p812,21,189,64,Forward,6,6,10,6,8.3,97,39,6
p813,28,186,75,Forward,6,5,20,7,8.6,61,32,13
p814,22,184,85,Winger,8,5,35,18,8.1,64,31,16
p815,28,192,82,Winger,5,3,20,16,7.7,70,30,15
p816,27,189,79,Midfielder,2,1,17,10,8.1,70,30,13
p817,25,175,63,Winger,4,0,31,46,7.6,83,28,22
p818,23,169,83,Forward,6,3,12,40,8.0,73,29,21
p819,23,179,89,Forward,3,1,37,48,7.8,89,30,21
p820,25,169,83,Forward,3,4,28,10,8.5,99,38,6
p821,32,176,61,Forward,5,1,21,37,7.3,94,31,18
p822,31,169,89,Forward,5,4,15,40,10.0,80,34,16
p823,28,181,77,Midfielder,6,5,37,49,8.3,64,28,25
p824,29,181,78,Forward,2,7,32,1,7.2,97,36,6
p825,30,188,87,Midfielder,6,7,17,3,8.2,61,32,12
p826,25,176,87,Forward,4,4,14,49,9.5,99,36,16
p827,18,188,78,Defender,3,3,19,27,6.6,96,31,16
p828,32,192,76,Defender,4,3,31,32,8.9,93,35,13
p829,25,179,73,Defender,2,5,25,10,8.4,70,32,12
p830,28,179,78,Defender,6,7,21,2,7.1,95,37,7
p831,29,170,81,Midfielder,8,2,26,39,9.4,70,32,19
p832,29,176,83,Midfielder,5,5,15,4,7.8,68,32,12
p833,21,191,72,Winger,6,7,18,20,7.5,65,30,18
p834,33,193,71,Forward,5,4,19,21,9.4,93,38,9
p835,21,184,89,Defender,5,2,29,36,8.7,96,35,14
p836,22,182,85,Midfielder,6,5,23,10,9.6,91,39,6
p837,22,178,65,Forward,4,5,23,43,8.7,71,30,21
p838,25,166,80,Forward,4,3,35,21,9.1,91,36,10
p839,27,173,63,Midfielder,5,8,26,40,9.4,76,34,18
p840,34,169,78,Defender,5,2,36,12,6.7,63,27,18
p841,26,184,75,Winger,4,4,34,2,9.2,92,39,4
p842,31,190,72,Forward,4,4,25,12,8.6,68,32,13
p843,25,193,63,Winger,7,6,13,27,6.7,93,33,16
p844,26,165,89,Defender,5,4,11,10,8.3,98,38,7
p845,28,187,82,Defender,4,1,25,10,6.8,89,32,12
p846,18,167,76,Winger,3,2,10,20,9.1,79,33,12
p847,31,170,82,Defender,9,6,12,20,8.4,98,39,10
p848,22,169,60,Forward,6,5,32,6,9.8,82,38,6
p849,31,185,77,Winger,6,8,20,16,7.1,94,35,12
p850,21,191,79,Defender,4,4,25,47,8.6,82,31,20
p851,18,169,76,Winger,7,4,35,13,7.2,98,36,10
p852,25,165,86,Forward,6,4,27,32,8.6,82,33,16
p853,32,181,87,Defender,6,3,24,10,9.0,96,39,6
p854,32,183,86,Forward,2,3,18,12,9.0,82,35,9
p855,26,178,74,Defender,6,7,21,0,9.4,98,42,2
p856,26,176,70,Midfielder,4,3,36,33,9.5,87,35,14
p857,27,174,84,Defender,7,3,27,8,6.8,78,31,13
p858,26,184,87,Winger,8,6,14,12,7.7,89,36,10
p859,20,185,81,Defender,6,3,33,36,8.9,80,33,17
p860,28,182,72,Forward,3,3,37,29,8.2,83,32,16
p861,23,188,60,Forward,4,2,35,40,7.2,80,28,22
p862,19,191,76,Defender,5,5,17,44,8.4,85,32,19
p863,24,175,65,Winger,3,5,12,36,7.9,95,33,16
p864,19,194,63,Midfielder,5,6,11,46,7.9,85,31,21
p865,34,166,79,Winger,8,3,34,6,9.3,92,40,5
p866,28,189,75,Midfielder,8,6,28,13,7.9,95,37,9
p867,29,182,74,Forward,5,2,17,47,6.6,63,23,28
p868,24,193,86,Winger,5,4,11,5,6.7,68,29,14
p869,23,189,74,Midfielder,8,9,28,33,9.5,67,34,18
p870,18,171,65,Defender,5,4,10,15,9.9,61,33,12
p871,34,188,74,Forward,4,4,36,36,8.9,88,34,15
p872,28,179,73,Defender,3,1,31,35,7.8,82,30,18
p873,34,175,87,Forward,7,0,22,45,9.8,65,30,21
p874,24,182,70,Winger,4,4,32,5,8.8,95,38,5
p875,34,187,66,Winger,4,2,29,7,9.5,80,36,7
p876,26,176,68,Forward,5,4,26,23,9.2,81,35,12
p877,34,170,85,Forward,3,2,12,2,7.8,68,30,11
p878,25,184,75,Forward,5,3,18,3,8.2,93,37,6
p879,34,187,64,Winger,4,4,14,31,7.2,85,30,18
p880,24,194,84,Midfielder,6,4,15,0,7.5,60,30,13
p881,18,177,79,Defender,5,4,13,33,9.2,95,37,13
p882,30,184,88,Defender,5,4,26,44,9.6,64,30,21
p883,34,180,69,Winger,2,4,30,8,9.0,81,35,8
p884,30,182,77,Defender,5,6,30,11,8.1,63,31,14
p885,33,174,62,Forward,3,5,30,9,6.8,61,27,17
p886,25,192,72,Midfielder,3,4,25,9,6.7,75,29,14
p887,18,187,70,Defender,5,6,25,49,7.8,75,29,24
p888,31,172,76,Midfielder,4,2,31,43,8.1,81,30,20
p889,32,182,89,Forward,3,6,20,47,8.6,60,27,25
p890,19,185,89,Defender,4,4,11,22,6.5,74,28,19
p891,34,165,81,Winger,2,2,26,5,10.0,83,37,5
p892,23,187,72,Midfielder,6,10,24,23,7.8,63,30,19
p893,21,172,65,Forward,7,4,27,23,9.5,77,35,12
p894,18,193,76,Midfielder,3,5,19,20,8.4,76,32,14
p895,25,170,86,Defender,5,6,15,41,7.0,66,26,25
p896,24,169,72,Defender,4,5,30,30,9.3,69,32,17
p897,20,179,78,Winger,6,2,25,46,9.0,60,28,24
p898,27,186,80,Forward,6,1,14,40,8.3,61,27,23
p899,27,179,78,Forward,2,4,21,29,8.3,81,32,16
p900,31,166,69,Winger,2,4,37,33,6.8,91,30,18
p901,19,165,62,Winger,5,7,15,17,8.8,88,37,10
p902,18,187,73,Forward,2,2,23,11,9.7,94,38,5
p903,24,187,85,Midfielder,7,1,35,34,6.8,76,28,21
p904,25,190,78,Midfielder,4,6,32,6,7.4,71,31,13
p905,18,175,64,Winger,5,3,25,40,9.7,83,34,16
p906,20,174,88,Midfielder,7,1,34,39,7.5,89,31,19
p907,25,194,64,Forward,5,3,16,24,8.8,89,35,12
p908,32,182,79,Defender,7,4,11,5,8.4,79,35,9
p909,22,182,76,Defender,1,1,15,0,8.6,66,31,10
p910,20,181,80,Midfielder,3,3,18,45,8.0,97,33,18
p911,18,190,69,Winger,4,5,16,15,7.5,66,29,16
p912,32,172,64,Winger,9,1,11,47,6.7,89,29,23
p913,25,179,63,Winger,4,2,28,3,9.1,71,34,9
p914,19,172,65,Winger,5,5,17,28,9.1,90,36,12
p915,20,181,85,Winger,6,7,20,37,8.8,77,33,18
p916,31,176,63,Midfielder,6,6,34,46,8.8,61,28,24
p917,31,191,89,Defender,3,1,13,27,7.4,92,32,15
p918,28,172,66,Defender,3,2,25,21,6.6,70,26,19
p919,33,189,66,Midfielder,5,2,34,7,9.3,93,38,5
p920,21,178,77,Winger,7,2,27,31,8.2,75,31,18
p921,22,168,62,Midfielder,6,8,22,32,7.6,94,35,16
p922,31,165,60,Defender,6,7,36,12,6.9,92,35,11
p923,33,165,83,Forward,4,2,14,26,6.7,80,28,18
p924,24,183,84,Midfielder,7,2,36,17,7.7,79,32,14
p925,27,180,63,Winger,4,4,11,17,9.3,67,32,13
p926,24,178,65,Defender,8,7,20,12,9.7,85,39,7
p927,18,185,68,Defender,5,8,10,21,9.6,92,39,9
p928,33,180,81,Defender,5,3,22,13,9.7,85,37,8
p929,21,169,73,Defender,4,4,14,10,9.7,96,40,4
p930,19,173,87,Winger,5,2,27,38,8.3,89,33,17
p931,18,190,71,Forward,2,3,23,49,7.3,90,29,22
p932,32,194,87,Defender,3,3,22,21,9.3,92,37,9
p933,22,192,84,Midfielder,7,7,16,35,7.2,70,29,22
p934,28,166,79,Forward,5,2,17,16,7.4,64,28,17
p935,27,182,83,Defender,6,6,27,31,7.3,61,27,22
p936,19,170,84,Forward,7,2,16,13,8.3,72,32,13
p937,20,173,63,Midfielder,2,2,29,41,7.6,77,28,22
p938,29,165,80,Defender,7,3,26,28,7.0,85,31,17
p939,22,173,89,Midfielder,5,7,25,5,8.1,84,36,9
p940,22,189,83,Winger,5,3,20,49,9.6,73,31,21
p941,23,180,71,Defender,7,2,28,3,8.5,64,32,11
p942,26,177,69,Defender,6,6,36,10,9.6,61,34,12
p943,19,173,89,Defender,5,0,37,44,7.2,63,24,26
p944,29,185,81,Defender,0,2,10,39,7.1,71,25,23
p945,20,177,87,Winger,7,3,30,9,8.5,70,33,12
p946,29,173,66,Defender,5,3,17,27,8.1,63,28,19
p947,34,175,62,Forward,5,1,10,10,8.8,68,32,12
p948,27,168,82,Defender,6,4,18,34,9.3,69,32,18
p949,31,166,87,Winger,8,5,28,14,9.1,86,38,9
p950,34,193,73,Defender,4,3,30,7,9.8,65,34,9
p951,34,170,83,Forward,6,1,18,19,7.9,74,31,15
p952,31,178,69,Winger,4,4,30,49,7.2,90,30,22
p953,26,168,75,Winger,1,5,34,20,8.4,81,33,13
p954,25,170,75,Forward,3,5,19,0,6.9,65,29,13
p955,19,183,81,Forward,4,0,33,28,7.5,92,32,15
p956,30,170,69,Forward,5,7,32,23,7.2,88,33,15
p957,24,166,84,Forward,4,4,20,29,7.9,80,31,17
p958,26,182,72,Forward,5,1,10,39,6.9,89,29,20
p959,28,177,65,Winger,2,8,29,34,6.6,80,28,21
p960,31,173,71,Winger,2,3,34,32,8.8,95,35,13
p961,21,187,68,Defender,5,1,35,19,8.6,81,33,12
p962,30,183,72,Defender,5,2,17,15,9.0,79,34,11
p963,19,177,63,Midfielder,5,7,29,8,8.8,81,36,9
p964,22,175,83,Defender,6,4,21,30,6.9,99,33,15
p965,28,165,70,Defender,4,4,10,16,7.5,70,30,16
p966,23,188,79,Forward,9,3,19,30,7.0,90,32,17
p967,27,194,77,Forward,7,2,13,47,9.5,99,37,15
p968,21,186,85,Defender,2,5,24,22,9.1,72,32,14
p969,26,171,70,Midfielder,3,2,28,5,7.2,77,31,12
p970,23,189,84,Forward,4,4,15,29,7.7,81,31,17
p971,19,185,80,Defender,6,6,36,6,9.9,76,38,7
p972,34,179,63,Defender,7,3,14,47,8.6,97,35,18
p973,22,165,77,Winger,4,5,14,39,9.3,84,34,16
p974,23,176,60,Midfielder,5,3,27,41,7.4,91,31,19
p975,29,190,86,Winger,5,4,37,45,7.2,74,27,24
p976,27,171,66,Midfielder,3,2,12,10,9.2,72,33,10
p977,23,179,65,Forward,3,8,36,33,8.9,85,34,15
p978,25,185,74,Midfielder,7,4,31,11,8.9,70,34,12
p979,19,183,77,Defender,3,5,11,44,8.4,72,29,22
p980,29,192,83,Defender,8,3,13,46,8.5,92,34,18
p981,30,193,70,Midfielder,8,4,27,26,9.1,96,38,10
p982,24,189,79,Midfielder,5,6,18,11,7.4,97,36,9
p983,27,165,83,Midfielder,5,3,28,12,7.7,60,28,16
p984,30,181,74,Winger,3,5,35,7,9.6,98,40,3
p985,34,181,75,Midfielder,3,6,19,15,7.6,86,33,12
p986,31,167,66,Forward,6,4,31,28,8.4,95,36,13
p987,19,176,80,Winger,5,3,24,34,9.0,91,35,14
p988,28,170,69,Winger,4,5,10,28,10.0,74,34,14
p989,18,190,85,Midfielder,6,2,20,30,8.0,90,33,15
p990,21,175,71,Forward,3,7,23,12,8.0,65,30,15
p991,28,167,83,Winger,12,4,19,11,9.4,84,39,8
p992,25,172,73,Defender,1,3,28,1,9.3,77,35,6
p993,28,178,84,Winger,6,2,33,32,9.1,81,34,15
p994,21,178,64,Midfielder,1,2,30,7,8.1,90,34,8
p995,34,174,85,Forward,6,2,25,40,7.6,95,32,18
p996,24,166,80,Midfielder,1,0,17,39,8.6,68,27,21
p997,25,178,77,Defender,4,5,11,48,9.6,62,29,23
p998,20,173,64,Defender,3,4,32,40,9.6,92,36,14
p999,19,167,62,Defender,3,1,34,31,6.9,86,29,18
p1000,32,185,82,Midfielder,5,3,16,37,8.0,60,27,23
